rotoreuters,PC1,PC2,PC3,PC4,PC5,PC6,PC7,PC8,PC9,PC10
fiplefip,11.80912037,-0.236315392,9.712245917,-3.55854973,0.676301952,-0.330307074,-2.824459669,-0.289927686,0.484787976,-3.428256278
amici_ursi,11.03947443,0.714585875,7.176633441,-6.500433745,1.621502578,0.676835762,-3.538689017,-0.039432283,2.002969305,0.370841656
unremovable,12.3083445,2.944822929,13.46745475,-6.039846905,-1.338466189,-0.693709169,-2.730206964,-3.215488134,-1.463923746,0.72234738
CDRE_64,9.59727355,-0.275655838,9.219146308,-5.203833652,-0.475436169,0.101921321,-3.84387792,-0.28392321,1.681646144,0.044997158
noeatnosleep,8.441663571,-1.520713388,2.302666744,-4.226753282,1.043632057,1.490669833,-6.036376708,0.880610166,-0.303431617,0.104033262
PostNationalism,5.013856859,-2.501057585,3.895117827,2.235446522,3.307937046,-0.19669887,1.413835534,-2.910549727,-0.214350161,-0.770089505
trueworldnews,12.04859853,1.202437649,6.710601723,-3.770382622,1.228731534,-1.71822525,-2.476334101,-2.163013441,3.820246261,1.960525432
drewiepoodle,8.218326366,-2.528193178,4.460269286,-0.93695918,-1.685538822,-4.491433416,-3.246064232,-2.502604532,-1.823645611,1.836631733
RIPmod,20.11115451,2.807410207,19.70593757,-5.255569788,-0.362161203,-4.346633713,-0.508714684,-7.90292829,2.057837176,1.27065422
michaelconfoy,4.567328361,-8.47031235,8.456067597,0.28307396,-2.701900024,-0.641382839,1.128565837,1.066758386,-4.142665246,0.631450956
Lol33ta,8.727629321,2.268193973,3.085096618,-0.187065859,-0.81900885,-3.644022192,-7.503188134,0.245020041,-2.292842221,-6.316751611
burtzev,4.575456278,-4.884588939,3.713678193,1.758776649,4.014268463,-2.774869942,1.009668326,-0.251811913,-2.551042242,-0.937332554
FiveYearsAgoOnReddit,12.33502172,-0.088514067,1.276804021,-4.176761347,1.563235351,-2.365617606,-3.513268881,-1.028953958,2.530109,0.576056559
iAmAnAnonymousHero,10.04175233,0.550789365,10.80490498,-5.380034018,-0.160558541,-3.253695106,-3.509361754,-3.80157223,-0.201068315,-2.008633574
PanKing92,10.98668513,3.762873526,9.537608577,-2.73574392,-0.762481815,0.326002817,-3.661482854,-4.994452451,-1.573804805,-0.064820189
davidreiss666,15.48622512,-8.252022959,4.789120501,-6.516847714,2.651204286,-3.971498425,1.611035828,-0.003861076,1.858022804,-3.450776171
madazzahatter,8.971419716,-4.542574173,5.166237897,-3.014555994,-0.281652283,-2.483712899,-2.716147559,-0.087829496,1.106710377,-1.156662476
antdude,-3.005397212,-1.74891842,-1.204140221,-1.902888678,0.985523103,-1.915985227,-0.171633453,2.526623515,-0.948709219,-3.933812374
HelloImPheynes,14.03181316,3.576444566,7.794834175,-3.532758314,0.583756142,-0.141377324,-0.187669067,-1.794265554,-0.166095798,-2.265548189
Keepmemag,14.76867054,4.029735475,10.98170553,-5.150938795,-0.109455015,-3.270859234,-0.210139686,-5.377867581,1.457235455,-1.208524145
ay__caramba,7.124684181,-4.351990981,7.102482542,-4.747375178,0.364142301,-1.699820117,-0.111222616,0.098167419,0.952142192,-1.709651064
EvilRising,10.49412668,3.138471307,8.131278962,-6.614044847,0.798066105,-2.838402542,0.89751636,1.981926374,-3.88396661,1.752654762
LuaKT,9.218840599,-0.215402383,8.456012121,-4.732480749,-1.030886835,0.206854028,0.124773965,-1.476415647,2.36983765,0.188246672
anutensil,10.873186,-6.58640571,7.195830968,-0.026385458,3.134357613,-4.07087313,-0.804482202,-1.025296167,-0.472998167,1.404311586
quantumcipher,10.93754897,-5.244923532,9.398924012,-4.190850004,3.809169418,-1.022505039,1.85025363,-5.006038851,-0.087560325,1.844826797
ijndael,12.42264899,0.920734043,10.23011369,-8.248319148,2.113754443,-1.77226392,-3.92817261,-4.235149024,1.998387283,3.905504638
diversity_is_racism,9.873232045,0.017433166,4.057708259,-1.623016276,2.669075428,1.175872541,0.636710335,-4.146507036,-3.267027543,1.182177921
Myrandall,9.68945316,5.240836924,-2.966613256,-2.505065035,1.524809075,-4.84614725,-1.166033322,0.931713279,-1.641478148,-2.47315619
DRUNK_ON_SYRUP,7.081690586,0.380760502,8.669817214,-4.461089794,-5.544351066,-3.959655442,1.754375862,-0.036985189,0.810549689,-0.615174113
BlankVerse,2.841107427,-5.271288857,0.359851817,1.037355241,-1.265933075,-0.673119048,0.355212952,1.868204068,-0.897864558,0.163242414
Vailhem,5.373631716,-7.727081884,4.714549372,-0.822355586,2.882481172,-1.011343624,-1.609603623,-2.803208779,-2.0709114,-0.573313892
JamiroFan2000,7.018134909,1.685423777,5.977130189,-4.907685363,0.185420089,-2.433073703,0.958810233,0.147153084,2.401614558,-0.870285337
Palpz,10.48285564,2.770761245,5.894407238,-1.258276941,0.769493343,-2.56088822,-4.454380905,3.658067297,-2.668093736,-0.304113909
kjfriend,11.05028001,0.807103782,11.54284524,-3.074748398,1.692338349,-1.832366798,-4.137661914,-4.816488655,-0.300670602,2.747977037
Kylde,8.466842918,-1.129562054,1.391446815,-6.606142887,2.510292744,1.893493869,-3.727653371,-3.501529756,3.336615447,-1.377215338
eastendtech,7.274618462,-0.091121349,9.303572404,-7.780337762,0.87717753,1.424788502,-1.412314966,-5.766076522,3.104669692,2.592441433
ZadocPaet,6.345885079,0.643792444,-3.117608834,0.218840525,-1.134846225,-0.203317949,-1.576532199,-0.216697785,-1.644196001,-2.98102472
vigorous,9.780767775,-3.33109256,8.470015154,-2.948691657,0.701160915,-3.885461952,1.895780424,-0.609277981,-2.135788281,-4.640073451
acini,8.887747615,-3.46169754,1.170998778,-1.559112573,3.121167717,3.632701422,-2.034994718,-0.277010265,2.028122794,-2.003655994
Mad4Reddit,11.06092134,-1.826628763,6.663238913,-4.869313824,-2.194857023,-2.22854555,-4.528116081,0.461469774,2.436141414,-2.547481621
speckz,3.96741693,-4.519160414,-0.371410575,-7.788659621,2.835737344,-2.89567166,-1.295433999,1.981551431,-2.439023802,-1.794527222
coolcrosby,6.246542701,-7.181307535,4.75120022,-0.632561959,-3.951098492,-3.190196452,-0.658915232,-1.588049112,0.220598346,0.317175049
td_bot2,10.48092355,-0.230885088,10.56742287,-5.990533634,2.383185152,-2.815210782,-2.815643328,-4.512048269,0.767258282,0.899923652
chilidirigible,14.03985267,-0.302494187,12.00042606,-6.727020744,1.368075649,-4.251755118,-1.55227931,-2.834500882,0.114458515,3.49747863
subredditreports,11.89880451,3.15959907,14.01859553,-3.222310062,-5.116986031,-0.382356797,-0.591459912,-2.915331578,0.418036472,0.150752529
EggheadDash,7.672341113,3.623294105,0.077965668,-9.475313769,-0.99174965,-2.331390144,-2.651338048,-0.312535418,2.178600146,6.736972351
Ian56,11.47172949,-0.13149403,9.988609766,-6.094296993,3.033525095,-2.857980315,1.126146835,-2.486182163,-4.582404534,-0.423268066
youhatemeandihateyou,7.493607339,-3.080960998,3.747088278,2.247409543,-1.559985089,1.405333527,-5.395397099,1.826567466,1.339794701,-4.232946449
NeedMoarBoobs,12.06543304,-0.767637716,9.259928495,-3.822454943,0.66260265,-0.134741979,-3.933702542,-5.812223153,0.163207346,-5.545801241
